id,turn,money,won,loss,ties,res
0,0,50,0,0,0,[]
1,0,50,0,0,0,[]
2,0,50,0,0,0,[]
3,0,50,0,0,0,[]
4,0,50,0,0,0,[]
5,0,50,0,0,0,[]
6,0,50,0,0,0,[]
7,0,50,0,0,0,[]
0,1,49,0,0,1,['n']
1,1,49,0,0,1,['n']
2,1,49,0,0,1,['n']
3,1,48,0,0,1,['y']
4,1,49,0,0,1,['n']
5,1,49,0,0,1,['n']
6,1,49,0,0,1,['n']
7,1,48,0,0,1,['y']
0,2,47,0,0,2,"['n', 'y']"
1,2,47,0,0,2,"['n', 'y']"
2,2,47,0,0,2,"['n', 'y']"
3,2,45,0,1,1,"['y', 'y']"
4,2,47,0,0,2,"['n', 'y']"
5,2,47,0,0,2,"['n', 'y']"
6,2,47,0,0,2,"['n', 'y']"
7,2,48,1,0,1,"['y', 'n']"
0,3,44,0,1,2,"['n', 'y', 'y']"
1,3,47,1,0,2,"['n', 'y', 'n']"
2,3,44,0,1,2,"['n', 'y', 'y']"
3,3,45,1,1,1,"['y', 'y', 'n']"
4,3,47,1,0,2,"['n', 'y', 'n']"
5,3,46,0,0,3,"['n', 'y', 'n']"
6,3,46,0,0,3,"['n', 'y', 'n']"
7,3,45,1,1,1,"['y', 'n', 'y']"
0,4,43,0,1,3,"['n', 'y', 'y', 'n']"
1,4,45,1,0,3,"['n', 'y', 'n', 'y']"
2,4,43,0,1,3,"['n', 'y', 'y', 'n']"
3,4,43,1,1,2,"['y', 'y', 'n', 'y']"
4,4,44,1,1,2,"['n', 'y', 'n', 'y']"
5,4,43,0,1,3,"['n', 'y', 'n', 'y']"
6,4,46,1,0,3,"['n', 'y', 'n', 'n']"
7,4,45,2,1,1,"['y', 'n', 'y', 'n']"
0,5,42,0,1,4,"['n', 'y', 'y', 'n', 'n']"
1,5,44,1,0,4,"['n', 'y', 'n', 'y', 'n']"
2,5,40,0,2,3,"['n', 'y', 'y', 'n', 'y']"
3,5,42,1,1,3,"['y', 'y', 'n', 'y', 'n']"
4,5,44,2,1,2,"['n', 'y', 'n', 'y', 'n']"
5,5,41,0,1,4,"['n', 'y', 'n', 'y', 'y']"
6,5,45,1,0,4,"['n', 'y', 'n', 'n', 'n']"
7,5,43,2,1,2,"['y', 'n', 'y', 'n', 'y']"
0,6,42,1,1,4,"['n', 'y', 'y', 'n', 'n', 'n']"
1,6,41,1,1,4,"['n', 'y', 'n', 'y', 'n', 'y']"
2,6,37,0,3,3,"['n', 'y', 'y', 'n', 'y', 'y']"
3,6,42,2,1,3,"['y', 'y', 'n', 'y', 'n', 'n']"
4,6,44,3,1,2,"['n', 'y', 'n', 'y', 'n', 'n']"
5,6,40,0,1,5,"['n', 'y', 'n', 'y', 'y', 'n']"
6,6,44,1,0,5,"['n', 'y', 'n', 'n', 'n', 'n']"
7,6,40,2,2,2,"['y', 'n', 'y', 'n', 'y', 'y']"
0,7,41,1,1,5,"['n', 'y', 'y', 'n', 'n', 'n', 'n']"
1,7,40,1,1,5,"['n', 'y', 'n', 'y', 'n', 'y', 'n']"
2,7,36,0,3,4,"['n', 'y', 'y', 'n', 'y', 'y', 'n']"
3,7,42,3,1,3,"['y', 'y', 'n', 'y', 'n', 'n', 'n']"
4,7,43,3,1,3,"['n', 'y', 'n', 'y', 'n', 'n', 'n']"
5,7,37,0,2,5,"['n', 'y', 'n', 'y', 'y', 'n', 'y']"
6,7,43,1,0,6,"['n', 'y', 'n', 'n', 'n', 'n', 'n']"
7,7,39,2,2,3,"['y', 'n', 'y', 'n', 'y', 'y', 'n']"
0,8,38,1,2,5,"['n', 'y', 'y', 'n', 'n', 'n', 'n', 'y']"
1,8,37,1,2,5,"['n', 'y', 'n', 'y', 'n', 'y', 'n', 'y']"
2,8,36,1,3,4,"['n', 'y', 'y', 'n', 'y', 'y', 'n', 'n']"
3,8,39,3,2,3,"['y', 'y', 'n', 'y', 'n', 'n', 'n', 'y']"
4,8,41,3,1,4,"['n', 'y', 'n', 'y', 'n', 'n', 'n', 'y']"
5,8,37,1,2,5,"['n', 'y', 'n', 'y', 'y', 'n', 'y', 'n']"
6,8,41,1,0,7,"['n', 'y', 'n', 'n', 'n', 'n', 'n', 'y']"
7,8,39,3,2,3,"['y', 'n', 'y', 'n', 'y', 'y', 'n', 'n']"
0,9,37,1,2,6,"['n', 'y', 'y', 'n', 'n', 'n', 'n', 'y', 'n']"
1,9,36,1,2,6,"['n', 'y', 'n', 'y', 'n', 'y', 'n', 'y', 'n']"
2,9,35,1,3,5,"['n', 'y', 'y', 'n', 'y', 'y', 'n', 'n', 'n']"
3,9,36,3,3,3,"['y', 'y', 'n', 'y', 'n', 'n', 'n', 'y', 'y']"
4,9,41,4,1,4,"['n', 'y', 'n', 'y', 'n', 'n', 'n', 'y', 'n']"
5,9,36,1,2,6,"['n', 'y', 'n', 'y', 'y', 'n', 'y', 'n', 'n']"
6,9,40,1,0,8,"['n', 'y', 'n', 'n', 'n', 'n', 'n', 'y', 'n']"
7,9,38,3,2,4,"['y', 'n', 'y', 'n', 'y', 'y', 'n', 'n', 'n']"
0,10,36,1,2,7,"['n', 'y', 'y', 'n', 'n', 'n', 'n', 'y', 'n', 'n']"
1,10,35,1,2,7,"['n', 'y', 'n', 'y', 'n', 'y', 'n', 'y', 'n', 'n']"
2,10,33,1,3,6,"['n', 'y', 'y', 'n', 'y', 'y', 'n', 'n', 'n', 'y']"
3,10,35,3,3,4,"['y', 'y', 'n', 'y', 'n', 'n', 'n', 'y', 'y', 'n']"
4,10,40,4,1,5,"['n', 'y', 'n', 'y', 'n', 'n', 'n', 'y', 'n', 'n']"
5,10,34,1,2,7,"['n', 'y', 'n', 'y', 'y', 'n', 'y', 'n', 'n', 'y']"
6,10,39,1,0,9,"['n', 'y', 'n', 'n', 'n', 'n', 'n', 'y', 'n', 'n']"
7,10,37,3,2,5,"['y', 'n', 'y', 'n', 'y', 'y', 'n', 'n', 'n', 'n']"
0,11,35,1,2,8,"['n', 'y', 'y', 'n', 'n', 'n', 'n', 'y', 'n', 'n', 'n']"
1,11,35,2,2,7,"['n', 'y', 'n', 'y', 'n', 'y', 'n', 'y', 'n', 'n', 'n']"
2,11,33,2,3,6,"['n', 'y', 'y', 'n', 'y', 'y', 'n', 'n', 'n', 'y', 'n']"
3,11,34,3,3,5,"['y', 'y', 'n', 'y', 'n', 'n', 'n', 'y', 'y', 'n', 'n']"
4,11,37,4,2,5,"['n', 'y', 'n', 'y', 'n', 'n', 'n', 'y', 'n', 'n', 'y']"
5,11,31,1,3,7,"['n', 'y', 'n', 'y', 'y', 'n', 'y', 'n', 'n', 'y', 'y']"
6,11,36,1,1,9,"['n', 'y', 'n', 'n', 'n', 'n', 'n', 'y', 'n', 'n', 'y']"
7,11,37,4,2,5,"['y', 'n', 'y', 'n', 'y', 'y', 'n', 'n', 'n', 'n', 'n']"
0,12,34,1,2,9,"['n', 'y', 'y', 'n', 'n', 'n', 'n', 'y', 'n', 'n', 'n', 'n']"
1,12,33,2,2,8,"['n', 'y', 'n', 'y', 'n', 'y', 'n', 'y', 'n', 'n', 'n', 'y']"
2,12,31,2,3,7,"['n', 'y', 'y', 'n', 'y', 'y', 'n', 'n', 'n', 'y', 'n', 'y']"
3,12,33,3,3,6,"['y', 'y', 'n', 'y', 'n', 'n', 'n', 'y', 'y', 'n', 'n', 'n']"
4,12,36,4,2,6,"['n', 'y', 'n', 'y', 'n', 'n', 'n', 'y', 'n', 'n', 'y', 'n']"
5,12,31,2,3,7,"['n', 'y', 'n', 'y', 'y', 'n', 'y', 'n', 'n', 'y', 'y', 'n']"
6,12,33,1,2,9,"['n', 'y', 'n', 'n', 'n', 'n', 'n', 'y', 'n', 'n', 'y', 'y']"
7,12,36,4,2,6,"['y', 'n', 'y', 'n', 'y', 'y', 'n', 'n', 'n', 'n', 'n', 'n']"
0,13,33,1,2,10,"['n', 'y', 'y', 'n', 'n', 'n', 'n', 'y', 'n', 'n', 'n', 'n', 'n']"
1,13,31,2,2,9,"['n', 'y', 'n', 'y', 'n', 'y', 'n', 'y', 'n', 'n', 'n', 'y', 'y']"
2,13,28,2,4,7,"['n', 'y', 'y', 'n', 'y', 'y', 'n', 'n', 'n', 'y', 'n', 'y', 'y']"
3,13,32,3,3,7,"['y', 'y', 'n', 'y', 'n', 'n', 'n', 'y', 'y', 'n', 'n', 'n', 'n']"
4,13,34,4,2,7,"['n', 'y', 'n', 'y', 'n', 'n', 'n', 'y', 'n', 'n', 'y', 'n', 'y']"
5,13,31,3,3,7,"['n', 'y', 'n', 'y', 'y', 'n', 'y', 'n', 'n', 'y', 'y', 'n', 'n']"
6,13,32,1,2,10,"['n', 'y', 'n', 'n', 'n', 'n', 'n', 'y', 'n', 'n', 'y', 'y', 'n']"
7,13,35,4,2,7,"['y', 'n', 'y', 'n', 'y', 'y', 'n', 'n', 'n', 'n', 'n', 'n', 'n']"
0,14,33,2,2,10,"['n', 'y', 'y', 'n', 'n', 'n', 'n', 'y', 'n', 'n', 'n', 'n', 'n', 'n']"
1,14,31,3,2,9,"['n', 'y', 'n', 'y', 'n', 'y', 'n', 'y', 'n', 'n', 'n', 'y', 'y', 'n']"
2,14,27,2,4,8,"['n', 'y', 'y', 'n', 'y', 'y', 'n', 'n', 'n', 'y', 'n', 'y', 'y', 'n']"
3,14,31,3,3,8,"['y', 'y', 'n', 'y', 'n', 'n', 'n', 'y', 'y', 'n', 'n', 'n', 'n', 'n']"
4,14,33,4,2,8,"['n', 'y', 'n', 'y', 'n', 'n', 'n', 'y', 'n', 'n', 'y', 'n', 'y', 'n']"
5,14,28,3,4,7,"['n', 'y', 'n', 'y', 'y', 'n', 'y', 'n', 'n', 'y', 'y', 'n', 'n', 'y']"
6,14,29,1,3,10,"['n', 'y', 'n', 'n', 'n', 'n', 'n', 'y', 'n', 'n', 'y', 'y', 'n', 'y']"
7,14,34,4,2,8,"['y', 'n', 'y', 'n', 'y', 'y', 'n', 'n', 'n', 'n', 'n', 'n', 'n', 'n']"
0,15,32,2,2,11,"['n', 'y', 'y', 'n', 'n', 'n', 'n', 'y', 'n', 'n', 'n', 'n', 'n', 'n', 'n']"
1,15,28,3,3,9,"['n', 'y', 'n', 'y', 'n', 'y', 'n', 'y', 'n', 'n', 'n', 'y', 'y', 'n', 'y']"
2,15,27,3,4,8,"['n', 'y', 'y', 'n', 'y', 'y', 'n', 'n', 'n', 'y', 'n', 'y', 'y', 'n', 'n']"
3,15,29,3,3,9,"['y', 'y', 'n', 'y', 'n', 'n', 'n', 'y', 'y', 'n', 'n', 'n', 'n', 'n', 'y']"
4,15,32,4,2,9,"['n', 'y', 'n', 'y', 'n', 'n', 'n', 'y', 'n', 'n', 'y', 'n', 'y', 'n', 'n']"
5,15,25,3,5,7,"['n', 'y', 'n', 'y', 'y', 'n', 'y', 'n', 'n', 'y', 'y', 'n', 'n', 'y', 'y']"
6,15,29,2,3,10,"['n', 'y', 'n', 'n', 'n', 'n', 'n', 'y', 'n', 'n', 'y', 'y', 'n', 'y', 'n']"
7,15,32,4,2,9,"['y', 'n', 'y', 'n', 'y', 'y', 'n', 'n', 'n', 'n', 'n', 'n', 'n', 'n', 'y']"
0,16,31,2,2,12,"['n', 'y', 'y', 'n', 'n', 'n', 'n', 'y', 'n', 'n', 'n', 'n', 'n', 'n', 'n', 'n']"
1,16,25,3,4,9,"['n', 'y', 'n', 'y', 'n', 'y', 'n', 'y', 'n', 'n', 'n', 'y', 'y', 'n', 'y', 'y']"
2,16,26,3,4,9,"['n', 'y', 'y', 'n', 'y', 'y', 'n', 'n', 'n', 'y', 'n', 'y', 'y', 'n', 'n', 'n']"
3,16,26,3,4,9,"['y', 'y', 'n', 'y', 'n', 'n', 'n', 'y', 'y', 'n', 'n', 'n', 'n', 'n', 'y', 'y']"
4,16,32,5,2,9,"['n', 'y', 'n', 'y', 'n', 'n', 'n', 'y', 'n', 'n', 'y', 'n', 'y', 'n', 'n', 'n']"
5,16,24,3,5,8,"['n', 'y', 'n', 'y', 'y', 'n', 'y', 'n', 'n', 'y', 'y', 'n', 'n', 'y', 'y', 'n']"
6,16,29,3,3,10,"['n', 'y', 'n', 'n', 'n', 'n', 'n', 'y', 'n', 'n', 'y', 'y', 'n', 'y', 'n', 'n']"
7,16,31,4,2,10,"['y', 'n', 'y', 'n', 'y', 'y', 'n', 'n', 'n', 'n', 'n', 'n', 'n', 'n', 'y', 'n']"
0,17,30,2,2,13,"['n', 'y', 'y', 'n', 'n', 'n', 'n', 'y', 'n', 'n', 'n', 'n', 'n', 'n', 'n', 'n', 'n']"
1,17,22,3,5,9,"['n', 'y', 'n', 'y', 'n', 'y', 'n', 'y', 'n', 'n', 'n', 'y', 'y', 'n', 'y', 'y', 'y']"
2,17,25,3,4,10,"['n', 'y', 'y', 'n', 'y', 'y', 'n', 'n', 'n', 'y', 'n', 'y', 'y', 'n', 'n', 'n', 'n']"
3,17,25,3,4,10,"['y', 'y', 'n', 'y', 'n', 'n', 'n', 'y', 'y', 'n', 'n', 'n', 'n', 'n', 'y', 'y', 'n']"
4,17,32,6,2,9,"['n', 'y', 'n', 'y', 'n', 'n', 'n', 'y', 'n', 'n', 'y', 'n', 'y', 'n', 'n', 'n', 'n']"
5,17,23,3,5,9,"['n', 'y', 'n', 'y', 'y', 'n', 'y', 'n', 'n', 'y', 'y', 'n', 'n', 'y', 'y', 'n', 'n']"
6,17,28,3,3,11,"['n', 'y', 'n', 'n', 'n', 'n', 'n', 'y', 'n', 'n', 'y', 'y', 'n', 'y', 'n', 'n', 'n']"
7,17,30,4,2,11,"['y', 'n', 'y', 'n', 'y', 'y', 'n', 'n', 'n', 'n', 'n', 'n', 'n', 'n', 'y', 'n', 'n']"
0,18,27,2,3,13,"['n', 'y', 'y', 'n', 'n', 'n', 'n', 'y', 'n', 'n', 'n', 'n', 'n', 'n', 'n', 'n', 'n', 'y']"
1,18,22,4,5,9,"['n', 'y', 'n', 'y', 'n', 'y', 'n', 'y', 'n', 'n', 'n', 'y', 'y', 'n', 'y', 'y', 'y', 'n']"
2,18,22,3,5,10,"['n', 'y', 'y', 'n', 'y', 'y', 'n', 'n', 'n', 'y', 'n', 'y', 'y', 'n', 'n', 'n', 'n', 'y']"
3,18,22,3,5,10,"['y', 'y', 'n', 'y', 'n', 'n', 'n', 'y', 'y', 'n', 'n', 'n', 'n', 'n', 'y', 'y', 'n', 'y']"
4,18,31,6,2,10,"['n', 'y', 'n', 'y', 'n', 'n', 'n', 'y', 'n', 'n', 'y', 'n', 'y', 'n', 'n', 'n', 'n', 'n']"
5,18,23,4,5,9,"['n', 'y', 'n', 'y', 'y', 'n', 'y', 'n', 'n', 'y', 'y', 'n', 'n', 'y', 'y', 'n', 'n', 'n']"
6,18,28,4,3,11,"['n', 'y', 'n', 'n', 'n', 'n', 'n', 'y', 'n', 'n', 'y', 'y', 'n', 'y', 'n', 'n', 'n', 'n']"
7,18,29,4,2,12,"['y', 'n', 'y', 'n', 'y', 'y', 'n', 'n', 'n', 'n', 'n', 'n', 'n', 'n', 'y', 'n', 'n', 'n']"
0,19,27,3,3,13,"['n', 'y', 'y', 'n', 'n', 'n', 'n', 'y', 'n', 'n', 'n', 'n', 'n', 'n', 'n', 'n', 'n', 'y', 'n']"
1,19,20,4,5,10,"['n', 'y', 'n', 'y', 'n', 'y', 'n', 'y', 'n', 'n', 'n', 'y', 'y', 'n', 'y', 'y', 'y', 'n', 'y']"
2,19,22,4,5,10,"['n', 'y', 'y', 'n', 'y', 'y', 'n', 'n', 'n', 'y', 'n', 'y', 'y', 'n', 'n', 'n', 'n', 'y', 'n']"
3,19,19,3,6,10,"['y', 'y', 'n', 'y', 'n', 'n', 'n', 'y', 'y', 'n', 'n', 'n', 'n', 'n', 'y', 'y', 'n', 'y', 'y']"
4,19,29,6,2,11,"['n', 'y', 'n', 'y', 'n', 'n', 'n', 'y', 'n', 'n', 'y', 'n', 'y', 'n', 'n', 'n', 'n', 'n', 'y']"
5,19,23,5,5,9,"['n', 'y', 'n', 'y', 'y', 'n', 'y', 'n', 'n', 'y', 'y', 'n', 'n', 'y', 'y', 'n', 'n', 'n', 'n']"
6,19,25,4,4,11,"['n', 'y', 'n', 'n', 'n', 'n', 'n', 'y', 'n', 'n', 'y', 'y', 'n', 'y', 'n', 'n', 'n', 'n', 'y']"
7,19,26,4,3,12,"['y', 'n', 'y', 'n', 'y', 'y', 'n', 'n', 'n', 'n', 'n', 'n', 'n', 'n', 'y', 'n', 'n', 'n', 'y']"
0,20,26,3,3,14,"['n', 'y', 'y', 'n', 'n', 'n', 'n', 'y', 'n', 'n', 'n', 'n', 'n', 'n', 'n', 'n', 'n', 'y', 'n', 'n']"
1,20,18,4,5,11,"['n', 'y', 'n', 'y', 'n', 'y', 'n', 'y', 'n', 'n', 'n', 'y', 'y', 'n', 'y', 'y', 'y', 'n', 'y', 'y']"
2,20,21,4,5,11,"['n', 'y', 'y', 'n', 'y', 'y', 'n', 'n', 'n', 'y', 'n', 'y', 'y', 'n', 'n', 'n', 'n', 'y', 'n', 'n']"
3,20,16,3,7,10,"['y', 'y', 'n', 'y', 'n', 'n', 'n', 'y', 'y', 'n', 'n', 'n', 'n', 'n', 'y', 'y', 'n', 'y', 'y', 'y']"
4,20,27,6,2,12,"['n', 'y', 'n', 'y', 'n', 'n', 'n', 'y', 'n', 'n', 'y', 'n', 'y', 'n', 'n', 'n', 'n', 'n', 'y', 'y']"
5,20,22,5,5,10,"['n', 'y', 'n', 'y', 'y', 'n', 'y', 'n', 'n', 'y', 'y', 'n', 'n', 'y', 'y', 'n', 'n', 'n', 'n', 'n']"
6,20,24,4,4,12,"['n', 'y', 'n', 'n', 'n', 'n', 'n', 'y', 'n', 'n', 'y', 'y', 'n', 'y', 'n', 'n', 'n', 'n', 'y', 'n']"
7,20,26,5,3,12,"['y', 'n', 'y', 'n', 'y', 'y', 'n', 'n', 'n', 'n', 'n', 'n', 'n', 'n', 'y', 'n', 'n', 'n', 'y', 'n']"
0,21,24,3,3,15,"['n', 'y', 'y', 'n', 'n', 'n', 'n', 'y', 'n', 'n', 'n', 'n', 'n', 'n', 'n', 'n', 'n', 'y', 'n', 'n', 'y']"
1,21,18,5,5,11,"['n', 'y', 'n', 'y', 'n', 'y', 'n', 'y', 'n', 'n', 'n', 'y', 'y', 'n', 'y', 'y', 'y', 'n', 'y', 'y', 'n']"
2,21,18,4,6,11,"['n', 'y', 'y', 'n', 'y', 'y', 'n', 'n', 'n', 'y', 'n', 'y', 'y', 'n', 'n', 'n', 'n', 'y', 'n', 'n', 'y']"
3,21,16,4,7,10,"['y', 'y', 'n', 'y', 'n', 'n', 'n', 'y', 'y', 'n', 'n', 'n', 'n', 'n', 'y', 'y', 'n', 'y', 'y', 'y', 'n']"
4,21,25,6,2,13,"['n', 'y', 'n', 'y', 'n', 'n', 'n', 'y', 'n', 'n', 'y', 'n', 'y', 'n', 'n', 'n', 'n', 'n', 'y', 'y', 'y']"
5,21,19,5,6,10,"['n', 'y', 'n', 'y', 'y', 'n', 'y', 'n', 'n', 'y', 'y', 'n', 'n', 'y', 'y', 'n', 'n', 'n', 'n', 'n', 'y']"
6,21,22,4,4,13,"['n', 'y', 'n', 'n', 'n', 'n', 'n', 'y', 'n', 'n', 'y', 'y', 'n', 'y', 'n', 'n', 'n', 'n', 'y', 'n', 'y']"
7,21,24,5,3,13,"['y', 'n', 'y', 'n', 'y', 'y', 'n', 'n', 'n', 'n', 'n', 'n', 'n', 'n', 'y', 'n', 'n', 'n', 'y', 'n', 'y']"
0,22,21,3,4,15,"['n', 'y', 'y', 'n', 'n', 'n', 'n', 'y', 'n', 'n', 'n', 'n', 'n', 'n', 'n', 'n', 'n', 'y', 'n', 'n', 'y', 'y']"
1,22,18,6,5,11,"['n', 'y', 'n', 'y', 'n', 'y', 'n', 'y', 'n', 'n', 'n', 'y', 'y', 'n', 'y', 'y', 'y', 'n', 'y', 'y', 'n', 'n']"
2,22,18,5,6,11,"['n', 'y', 'y', 'n', 'y', 'y', 'n', 'n', 'n', 'y', 'n', 'y', 'y', 'n', 'n', 'n', 'n', 'y', 'n', 'n', 'y', 'n']"
3,22,13,4,8,10,"['y', 'y', 'n', 'y', 'n', 'n', 'n', 'y', 'y', 'n', 'n', 'n', 'n', 'n', 'y', 'y', 'n', 'y', 'y', 'y', 'n', 'y']"
4,22,22,6,3,13,"['n', 'y', 'n', 'y', 'n', 'n', 'n', 'y', 'n', 'n', 'y', 'n', 'y', 'n', 'n', 'n', 'n', 'n', 'y', 'y', 'y', 'y']"
5,22,18,5,6,11,"['n', 'y', 'n', 'y', 'y', 'n', 'y', 'n', 'n', 'y', 'y', 'n', 'n', 'y', 'y', 'n', 'n', 'n', 'n', 'n', 'y', 'n']"
6,22,21,4,4,14,"['n', 'y', 'n', 'n', 'n', 'n', 'n', 'y', 'n', 'n', 'y', 'y', 'n', 'y', 'n', 'n', 'n', 'n', 'y', 'n', 'y', 'n']"
7,22,24,6,3,13,"['y', 'n', 'y', 'n', 'y', 'y', 'n', 'n', 'n', 'n', 'n', 'n', 'n', 'n', 'y', 'n', 'n', 'n', 'y', 'n', 'y', 'n']"
0,23,18,3,5,15,"['n', 'y', 'y', 'n', 'n', 'n', 'n', 'y', 'n', 'n', 'n', 'n', 'n', 'n', 'n', 'n', 'n', 'y', 'n', 'n', 'y', 'y', 'y']"
1,23,15,6,6,11,"['n', 'y', 'n', 'y', 'n', 'y', 'n', 'y', 'n', 'n', 'n', 'y', 'y', 'n', 'y', 'y', 'y', 'n', 'y', 'y', 'n', 'n', 'y']"
2,23,18,6,6,11,"['n', 'y', 'y', 'n', 'y', 'y', 'n', 'n', 'n', 'y', 'n', 'y', 'y', 'n', 'n', 'n', 'n', 'y', 'n', 'n', 'y', 'n', 'n']"
3,23,10,4,9,10,"['y', 'y', 'n', 'y', 'n', 'n', 'n', 'y', 'y', 'n', 'n', 'n', 'n', 'n', 'y', 'y', 'n', 'y', 'y', 'y', 'n', 'y', 'y']"
4,23,22,7,3,13,"['n', 'y', 'n', 'y', 'n', 'n', 'n', 'y', 'n', 'n', 'y', 'n', 'y', 'n', 'n', 'n', 'n', 'n', 'y', 'y', 'y', 'y', 'n']"
5,23,18,6,6,11,"['n', 'y', 'n', 'y', 'y', 'n', 'y', 'n', 'n', 'y', 'y', 'n', 'n', 'y', 'y', 'n', 'n', 'n', 'n', 'n', 'y', 'n', 'n']"
6,23,20,4,4,15,"['n', 'y', 'n', 'n', 'n', 'n', 'n', 'y', 'n', 'n', 'y', 'y', 'n', 'y', 'n', 'n', 'n', 'n', 'y', 'n', 'y', 'n', 'n']"
7,23,23,6,3,14,"['y', 'n', 'y', 'n', 'y', 'y', 'n', 'n', 'n', 'n', 'n', 'n', 'n', 'n', 'y', 'n', 'n', 'n', 'y', 'n', 'y', 'n', 'n']"
0,24,18,4,5,15,"['n', 'y', 'y', 'n', 'n', 'n', 'n', 'y', 'n', 'n', 'n', 'n', 'n', 'n', 'n', 'n', 'n', 'y', 'n', 'n', 'y', 'y', 'y', 'n']"
1,24,14,6,6,12,"['n', 'y', 'n', 'y', 'n', 'y', 'n', 'y', 'n', 'n', 'n', 'y', 'y', 'n', 'y', 'y', 'y', 'n', 'y', 'y', 'n', 'n', 'y', 'n']"
2,24,18,7,6,11,"['n', 'y', 'y', 'n', 'y', 'y', 'n', 'n', 'n', 'y', 'n', 'y', 'y', 'n', 'n', 'n', 'n', 'y', 'n', 'n', 'y', 'n', 'n', 'n']"
3,24,9,4,9,11,"['y', 'y', 'n', 'y', 'n', 'n', 'n', 'y', 'y', 'n', 'n', 'n', 'n', 'n', 'y', 'y', 'n', 'y', 'y', 'y', 'n', 'y', 'y', 'n']"
4,24,21,7,3,14,"['n', 'y', 'n', 'y', 'n', 'n', 'n', 'y', 'n', 'n', 'y', 'n', 'y', 'n', 'n', 'n', 'n', 'n', 'y', 'y', 'y', 'y', 'n', 'n']"
5,24,17,6,6,12,"['n', 'y', 'n', 'y', 'y', 'n', 'y', 'n', 'n', 'y', 'y', 'n', 'n', 'y', 'y', 'n', 'n', 'n', 'n', 'n', 'y', 'n', 'n', 'n']"
6,24,17,4,5,15,"['n', 'y', 'n', 'n', 'n', 'n', 'n', 'y', 'n', 'n', 'y', 'y', 'n', 'y', 'n', 'n', 'n', 'n', 'y', 'n', 'y', 'n', 'n', 'y']"
7,24,20,6,4,14,"['y', 'n', 'y', 'n', 'y', 'y', 'n', 'n', 'n', 'n', 'n', 'n', 'n', 'n', 'y', 'n', 'n', 'n', 'y', 'n', 'y', 'n', 'n', 'y']"
0,25,15,4,6,15,"['n', 'y', 'y', 'n', 'n', 'n', 'n', 'y', 'n', 'n', 'n', 'n', 'n', 'n', 'n', 'n', 'n', 'y', 'n', 'n', 'y', 'y', 'y', 'n', 'y']"
1,25,13,6,6,13,"['n', 'y', 'n', 'y', 'n', 'y', 'n', 'y', 'n', 'n', 'n', 'y', 'y', 'n', 'y', 'y', 'y', 'n', 'y', 'y', 'n', 'n', 'y', 'n', 'n']"
2,25,17,7,6,12,"['n', 'y', 'y', 'n', 'y', 'y', 'n', 'n', 'n', 'y', 'n', 'y', 'y', 'n', 'n', 'n', 'n', 'y', 'n', 'n', 'y', 'n', 'n', 'n', 'n']"
3,25,9,5,9,11,"['y', 'y', 'n', 'y', 'n', 'n', 'n', 'y', 'y', 'n', 'n', 'n', 'n', 'n', 'y', 'y', 'n', 'y', 'y', 'y', 'n', 'y', 'y', 'n', 'n']"
4,25,20,7,3,15,"['n', 'y', 'n', 'y', 'n', 'n', 'n', 'y', 'n', 'n', 'y', 'n', 'y', 'n', 'n', 'n', 'n', 'n', 'y', 'y', 'y', 'y', 'n', 'n', 'n']"
5,25,17,7,6,12,"['n', 'y', 'n', 'y', 'y', 'n', 'y', 'n', 'n', 'y', 'y', 'n', 'n', 'y', 'y', 'n', 'n', 'n', 'n', 'n', 'y', 'n', 'n', 'n', 'n']"
6,25,16,4,5,16,"['n', 'y', 'n', 'n', 'n', 'n', 'n', 'y', 'n', 'n', 'y', 'y', 'n', 'y', 'n', 'n', 'n', 'n', 'y', 'n', 'y', 'n', 'n', 'y', 'n']"
7,25,17,6,5,14,"['y', 'n', 'y', 'n', 'y', 'y', 'n', 'n', 'n', 'n', 'n', 'n', 'n', 'n', 'y', 'n', 'n', 'n', 'y', 'n', 'y', 'n', 'n', 'y', 'y']"
0,26,14,4,6,16,"['n', 'y', 'y', 'n', 'n', 'n', 'n', 'y', 'n', 'n', 'n', 'n', 'n', 'n', 'n', 'n', 'n', 'y', 'n', 'n', 'y', 'y', 'y', 'n', 'y', 'n']"
1,26,12,6,6,14,"['n', 'y', 'n', 'y', 'n', 'y', 'n', 'y', 'n', 'n', 'n', 'y', 'y', 'n', 'y', 'y', 'y', 'n', 'y', 'y', 'n', 'n', 'y', 'n', 'n', 'n']"
2,26,16,7,6,13,"['n', 'y', 'y', 'n', 'y', 'y', 'n', 'n', 'n', 'y', 'n', 'y', 'y', 'n', 'n', 'n', 'n', 'y', 'n', 'n', 'y', 'n', 'n', 'n', 'n', 'n']"
3,26,8,5,9,12,"['y', 'y', 'n', 'y', 'n', 'n', 'n', 'y', 'y', 'n', 'n', 'n', 'n', 'n', 'y', 'y', 'n', 'y', 'y', 'y', 'n', 'y', 'y', 'n', 'n', 'n']"
4,26,19,7,3,16,"['n', 'y', 'n', 'y', 'n', 'n', 'n', 'y', 'n', 'n', 'y', 'n', 'y', 'n', 'n', 'n', 'n', 'n', 'y', 'y', 'y', 'y', 'n', 'n', 'n', 'n']"
5,26,16,7,6,13,"['n', 'y', 'n', 'y', 'y', 'n', 'y', 'n', 'n', 'y', 'y', 'n', 'n', 'y', 'y', 'n', 'n', 'n', 'n', 'n', 'y', 'n', 'n', 'n', 'n', 'n']"
6,26,15,4,5,17,"['n', 'y', 'n', 'n', 'n', 'n', 'n', 'y', 'n', 'n', 'y', 'y', 'n', 'y', 'n', 'n', 'n', 'n', 'y', 'n', 'y', 'n', 'n', 'y', 'n', 'n']"
7,26,16,6,5,15,"['y', 'n', 'y', 'n', 'y', 'y', 'n', 'n', 'n', 'n', 'n', 'n', 'n', 'n', 'y', 'n', 'n', 'n', 'y', 'n', 'y', 'n', 'n', 'y', 'y', 'n']"
0,27,14,5,6,16,"['n', 'y', 'y', 'n', 'n', 'n', 'n', 'y', 'n', 'n', 'n', 'n', 'n', 'n', 'n', 'n', 'n', 'y', 'n', 'n', 'y', 'y', 'y', 'n', 'y', 'n', 'n']"
1,27,12,7,6,14,"['n', 'y', 'n', 'y', 'n', 'y', 'n', 'y', 'n', 'n', 'n', 'y', 'y', 'n', 'y', 'y', 'y', 'n', 'y', 'y', 'n', 'n', 'y', 'n', 'n', 'n', 'n']"
2,27,13,7,7,13,"['n', 'y', 'y', 'n', 'y', 'y', 'n', 'n', 'n', 'y', 'n', 'y', 'y', 'n', 'n', 'n', 'n', 'y', 'n', 'n', 'y', 'n', 'n', 'n', 'n', 'n', 'y']"
3,27,7,5,9,13,"['y', 'y', 'n', 'y', 'n', 'n', 'n', 'y', 'y', 'n', 'n', 'n', 'n', 'n', 'y', 'y', 'n', 'y', 'y', 'y', 'n', 'y', 'y', 'n', 'n', 'n', 'n']"
4,27,16,7,4,16,"['n', 'y', 'n', 'y', 'n', 'n', 'n', 'y', 'n', 'n', 'y', 'n', 'y', 'n', 'n', 'n', 'n', 'n', 'y', 'y', 'y', 'y', 'n', 'n', 'n', 'n', 'y']"
5,27,16,8,6,13,"['n', 'y', 'n', 'y', 'y', 'n', 'y', 'n', 'n', 'y', 'y', 'n', 'n', 'y', 'y', 'n', 'n', 'n', 'n', 'n', 'y', 'n', 'n', 'n', 'n', 'n', 'n']"
6,27,12,4,6,17,"['n', 'y', 'n', 'n', 'n', 'n', 'n', 'y', 'n', 'n', 'y', 'y', 'n', 'y', 'n', 'n', 'n', 'n', 'y', 'n', 'y', 'n', 'n', 'y', 'n', 'n', 'y']"
7,27,15,6,5,16,"['y', 'n', 'y', 'n', 'y', 'y', 'n', 'n', 'n', 'n', 'n', 'n', 'n', 'n', 'y', 'n', 'n', 'n', 'y', 'n', 'y', 'n', 'n', 'y', 'y', 'n', 'n']"
0,28,14,6,6,16,"['n', 'y', 'y', 'n', 'n', 'n', 'n', 'y', 'n', 'n', 'n', 'n', 'n', 'n', 'n', 'n', 'n', 'y', 'n', 'n', 'y', 'y', 'y', 'n', 'y', 'n', 'n', 'n']"
1,28,11,7,6,15,"['n', 'y', 'n', 'y', 'n', 'y', 'n', 'y', 'n', 'n', 'n', 'y', 'y', 'n', 'y', 'y', 'y', 'n', 'y', 'y', 'n', 'n', 'y', 'n', 'n', 'n', 'n', 'n']"
2,28,10,7,8,13,"['n', 'y', 'y', 'n', 'y', 'y', 'n', 'n', 'n', 'y', 'n', 'y', 'y', 'n', 'n', 'n', 'n', 'y', 'n', 'n', 'y', 'n', 'n', 'n', 'n', 'n', 'y', 'y']"
3,28,7,6,9,13,"['y', 'y', 'n', 'y', 'n', 'n', 'n', 'y', 'y', 'n', 'n', 'n', 'n', 'n', 'y', 'y', 'n', 'y', 'y', 'y', 'n', 'y', 'y', 'n', 'n', 'n', 'n', 'n']"
4,28,14,7,4,17,"['n', 'y', 'n', 'y', 'n', 'n', 'n', 'y', 'n', 'n', 'y', 'n', 'y', 'n', 'n', 'n', 'n', 'n', 'y', 'y', 'y', 'y', 'n', 'n', 'n', 'n', 'y', 'y']"
5,28,14,8,6,14,"['n', 'y', 'n', 'y', 'y', 'n', 'y', 'n', 'n', 'y', 'y', 'n', 'n', 'y', 'y', 'n', 'n', 'n', 'n', 'n', 'y', 'n', 'n', 'n', 'n', 'n', 'n', 'y']"
6,28,11,4,6,18,"['n', 'y', 'n', 'n', 'n', 'n', 'n', 'y', 'n', 'n', 'y', 'y', 'n', 'y', 'n', 'n', 'n', 'n', 'y', 'n', 'y', 'n', 'n', 'y', 'n', 'n', 'y', 'n']"
7,28,12,6,6,16,"['y', 'n', 'y', 'n', 'y', 'y', 'n', 'n', 'n', 'n', 'n', 'n', 'n', 'n', 'y', 'n', 'n', 'n', 'y', 'n', 'y', 'n', 'n', 'y', 'y', 'n', 'n', 'y']"
0,29,12,6,6,17,"['n', 'y', 'y', 'n', 'n', 'n', 'n', 'y', 'n', 'n', 'n', 'n', 'n', 'n', 'n', 'n', 'n', 'y', 'n', 'n', 'y', 'y', 'y', 'n', 'y', 'n', 'n', 'n', 'y']"
1,29,8,7,7,15,"['n', 'y', 'n', 'y', 'n', 'y', 'n', 'y', 'n', 'n', 'n', 'y', 'y', 'n', 'y', 'y', 'y', 'n', 'y', 'y', 'n', 'n', 'y', 'n', 'n', 'n', 'n', 'n', 'y']"
2,29,8,7,8,14,"['n', 'y', 'y', 'n', 'y', 'y', 'n', 'n', 'n', 'y', 'n', 'y', 'y', 'n', 'n', 'n', 'n', 'y', 'n', 'n', 'y', 'n', 'n', 'n', 'n', 'n', 'y', 'y', 'y']"
3,29,7,7,9,13,"['y', 'y', 'n', 'y', 'n', 'n', 'n', 'y', 'y', 'n', 'n', 'n', 'n', 'n', 'y', 'y', 'n', 'y', 'y', 'y', 'n', 'y', 'y', 'n', 'n', 'n', 'n', 'n', 'n']"
4,29,14,8,4,17,"['n', 'y', 'n', 'y', 'n', 'n', 'n', 'y', 'n', 'n', 'y', 'n', 'y', 'n', 'n', 'n', 'n', 'n', 'y', 'y', 'y', 'y', 'n', 'n', 'n', 'n', 'y', 'y', 'n']"
5,29,12,8,6,15,"['n', 'y', 'n', 'y', 'y', 'n', 'y', 'n', 'n', 'y', 'y', 'n', 'n', 'y', 'y', 'n', 'n', 'n', 'n', 'n', 'y', 'n', 'n', 'n', 'n', 'n', 'n', 'y', 'y']"
6,29,8,4,7,18,"['n', 'y', 'n', 'n', 'n', 'n', 'n', 'y', 'n', 'n', 'y', 'y', 'n', 'y', 'n', 'n', 'n', 'n', 'y', 'n', 'y', 'n', 'n', 'y', 'n', 'n', 'y', 'n', 'y']"
7,29,10,6,6,17,"['y', 'n', 'y', 'n', 'y', 'y', 'n', 'n', 'n', 'n', 'n', 'n', 'n', 'n', 'y', 'n', 'n', 'n', 'y', 'n', 'y', 'n', 'n', 'y', 'y', 'n', 'n', 'y', 'y']"
0,30,11,6,6,18,"['n', 'y', 'y', 'n', 'n', 'n', 'n', 'y', 'n', 'n', 'n', 'n', 'n', 'n', 'n', 'n', 'n', 'y', 'n', 'n', 'y', 'y', 'y', 'n', 'y', 'n', 'n', 'n', 'y', 'n']"
1,30,5,7,8,15,"['n', 'y', 'n', 'y', 'n', 'y', 'n', 'y', 'n', 'n', 'n', 'y', 'y', 'n', 'y', 'y', 'y', 'n', 'y', 'y', 'n', 'n', 'y', 'n', 'n', 'n', 'n', 'n', 'y', 'y']"
2,30,7,7,8,15,"['n', 'y', 'y', 'n', 'y', 'y', 'n', 'n', 'n', 'y', 'n', 'y', 'y', 'n', 'n', 'n', 'n', 'y', 'n', 'n', 'y', 'n', 'n', 'n', 'n', 'n', 'y', 'y', 'y', 'n']"
3,30,6,7,9,14,"['y', 'y', 'n', 'y', 'n', 'n', 'n', 'y', 'y', 'n', 'n', 'n', 'n', 'n', 'y', 'y', 'n', 'y', 'y', 'y', 'n', 'y', 'y', 'n', 'n', 'n', 'n', 'n', 'n', 'n']"
4,30,13,8,4,18,"['n', 'y', 'n', 'y', 'n', 'n', 'n', 'y', 'n', 'n', 'y', 'n', 'y', 'n', 'n', 'n', 'n', 'n', 'y', 'y', 'y', 'y', 'n', 'n', 'n', 'n', 'y', 'y', 'n', 'n']"
5,30,11,8,6,16,"['n', 'y', 'n', 'y', 'y', 'n', 'y', 'n', 'n', 'y', 'y', 'n', 'n', 'y', 'y', 'n', 'n', 'n', 'n', 'n', 'y', 'n', 'n', 'n', 'n', 'n', 'n', 'y', 'y', 'n']"
6,30,7,4,7,19,"['n', 'y', 'n', 'n', 'n', 'n', 'n', 'y', 'n', 'n', 'y', 'y', 'n', 'y', 'n', 'n', 'n', 'n', 'y', 'n', 'y', 'n', 'n', 'y', 'n', 'n', 'y', 'n', 'y', 'n']"
7,30,10,7,6,17,"['y', 'n', 'y', 'n', 'y', 'y', 'n', 'n', 'n', 'n', 'n', 'n', 'n', 'n', 'y', 'n', 'n', 'n', 'y', 'n', 'y', 'n', 'n', 'y', 'y', 'n', 'n', 'y', 'y', 'n']"
0,31,11,7,6,18,"['n', 'y', 'y', 'n', 'n', 'n', 'n', 'y', 'n', 'n', 'n', 'n', 'n', 'n', 'n', 'n', 'n', 'y', 'n', 'n', 'y', 'y', 'y', 'n', 'y', 'n', 'n', 'n', 'y', 'n', 'n']"
1,31,2,7,9,15,"['n', 'y', 'n', 'y', 'n', 'y', 'n', 'y', 'n', 'n', 'n', 'y', 'y', 'n', 'y', 'y', 'y', 'n', 'y', 'y', 'n', 'n', 'y', 'n', 'n', 'n', 'n', 'n', 'y', 'y', 'y']"
2,31,7,8,8,15,"['n', 'y', 'y', 'n', 'y', 'y', 'n', 'n', 'n', 'y', 'n', 'y', 'y', 'n', 'n', 'n', 'n', 'y', 'n', 'n', 'y', 'n', 'n', 'n', 'n', 'n', 'y', 'y', 'y', 'n', 'n']"
3,31,6,8,9,14,"['y', 'y', 'n', 'y', 'n', 'n', 'n', 'y', 'y', 'n', 'n', 'n', 'n', 'n', 'y', 'y', 'n', 'y', 'y', 'y', 'n', 'y', 'y', 'n', 'n', 'n', 'n', 'n', 'n', 'n', 'n']"
4,31,10,8,5,18,"['n', 'y', 'n', 'y', 'n', 'n', 'n', 'y', 'n', 'n', 'y', 'n', 'y', 'n', 'n', 'n', 'n', 'n', 'y', 'y', 'y', 'y', 'n', 'n', 'n', 'n', 'y', 'y', 'n', 'n', 'y']"
5,31,8,8,7,16,"['n', 'y', 'n', 'y', 'y', 'n', 'y', 'n', 'n', 'y', 'y', 'n', 'n', 'y', 'y', 'n', 'n', 'n', 'n', 'n', 'y', 'n', 'n', 'n', 'n', 'n', 'n', 'y', 'y', 'n', 'y']"
6,31,7,5,7,19,"['n', 'y', 'n', 'n', 'n', 'n', 'n', 'y', 'n', 'n', 'y', 'y', 'n', 'y', 'n', 'n', 'n', 'n', 'y', 'n', 'y', 'n', 'n', 'y', 'n', 'n', 'y', 'n', 'y', 'n', 'n']"
7,31,7,7,7,17,"['y', 'n', 'y', 'n', 'y', 'y', 'n', 'n', 'n', 'n', 'n', 'n', 'n', 'n', 'y', 'n', 'n', 'n', 'y', 'n', 'y', 'n', 'n', 'y', 'y', 'n', 'n', 'y', 'y', 'n', 'y']"
0,32,9,7,6,19,"['n', 'y', 'y', 'n', 'n', 'n', 'n', 'y', 'n', 'n', 'n', 'n', 'n', 'n', 'n', 'n', 'n', 'y', 'n', 'n', 'y', 'y', 'y', 'n', 'y', 'n', 'n', 'n', 'y', 'n', 'n', 'y']"
1,32,1,7,9,16,"['n', 'y', 'n', 'y', 'n', 'y', 'n', 'y', 'n', 'n', 'n', 'y', 'y', 'n', 'y', 'y', 'y', 'n', 'y', 'y', 'n', 'n', 'y', 'n', 'n', 'n', 'n', 'n', 'y', 'y', 'y', 'n']"
2,32,5,8,8,16,"['n', 'y', 'y', 'n', 'y', 'y', 'n', 'n', 'n', 'y', 'n', 'y', 'y', 'n', 'n', 'n', 'n', 'y', 'n', 'n', 'y', 'n', 'n', 'n', 'n', 'n', 'y', 'y', 'y', 'n', 'n', 'y']"
3,32,5,8,9,15,"['y', 'y', 'n', 'y', 'n', 'n', 'n', 'y', 'y', 'n', 'n', 'n', 'n', 'n', 'y', 'y', 'n', 'y', 'y', 'y', 'n', 'y', 'y', 'n', 'n', 'n', 'n', 'n', 'n', 'n', 'n', 'n']"
4,32,10,9,5,18,"['n', 'y', 'n', 'y', 'n', 'n', 'n', 'y', 'n', 'n', 'y', 'n', 'y', 'n', 'n', 'n', 'n', 'n', 'y', 'y', 'y', 'y', 'n', 'n', 'n', 'n', 'y', 'y', 'n', 'n', 'y', 'n']"
5,32,6,8,7,17,"['n', 'y', 'n', 'y', 'y', 'n', 'y', 'n', 'n', 'y', 'y', 'n', 'n', 'y', 'y', 'n', 'n', 'n', 'n', 'n', 'y', 'n', 'n', 'n', 'n', 'n', 'n', 'y', 'y', 'n', 'y', 'y']"
6,32,4,5,8,19,"['n', 'y', 'n', 'n', 'n', 'n', 'n', 'y', 'n', 'n', 'y', 'y', 'n', 'y', 'n', 'n', 'n', 'n', 'y', 'n', 'y', 'n', 'n', 'y', 'n', 'n', 'y', 'n', 'y', 'n', 'n', 'y']"
7,32,5,7,7,18,"['y', 'n', 'y', 'n', 'y', 'y', 'n', 'n', 'n', 'n', 'n', 'n', 'n', 'n', 'y', 'n', 'n', 'n', 'y', 'n', 'y', 'n', 'n', 'y', 'y', 'n', 'n', 'y', 'y', 'n', 'y', 'y']"
0,33,6,7,7,19,"['n', 'y', 'y', 'n', 'n', 'n', 'n', 'y', 'n', 'n', 'n', 'n', 'n', 'n', 'n', 'n', 'n', 'y', 'n', 'n', 'y', 'y', 'y', 'n', 'y', 'n', 'n', 'n', 'y', 'n', 'n', 'y', 'y']"
1,33,0,7,9,17,"['n', 'y', 'n', 'y', 'n', 'y', 'n', 'y', 'n', 'n', 'n', 'y', 'y', 'n', 'y', 'y', 'y', 'n', 'y', 'y', 'n', 'n', 'y', 'n', 'n', 'n', 'n', 'n', 'y', 'y', 'y', 'n', 'n']"
2,33,5,9,8,16,"['n', 'y', 'y', 'n', 'y', 'y', 'n', 'n', 'n', 'y', 'n', 'y', 'y', 'n', 'n', 'n', 'n', 'y', 'n', 'n', 'y', 'n', 'n', 'n', 'n', 'n', 'y', 'y', 'y', 'n', 'n', 'y', 'n']"
3,33,2,8,10,15,"['y', 'y', 'n', 'y', 'n', 'n', 'n', 'y', 'y', 'n', 'n', 'n', 'n', 'n', 'y', 'y', 'n', 'y', 'y', 'y', 'n', 'y', 'y', 'n', 'n', 'n', 'n', 'n', 'n', 'n', 'n', 'n', 'y']"
4,33,9,9,5,19,"['n', 'y', 'n', 'y', 'n', 'n', 'n', 'y', 'n', 'n', 'y', 'n', 'y', 'n', 'n', 'n', 'n', 'n', 'y', 'y', 'y', 'y', 'n', 'n', 'n', 'n', 'y', 'y', 'n', 'n', 'y', 'n', 'n']"
5,33,6,9,7,17,"['n', 'y', 'n', 'y', 'y', 'n', 'y', 'n', 'n', 'y', 'y', 'n', 'n', 'y', 'y', 'n', 'n', 'n', 'n', 'n', 'y', 'n', 'n', 'n', 'n', 'n', 'n', 'y', 'y', 'n', 'y', 'y', 'n']"
6,33,4,6,8,19,"['n', 'y', 'n', 'n', 'n', 'n', 'n', 'y', 'n', 'n', 'y', 'y', 'n', 'y', 'n', 'n', 'n', 'n', 'y', 'n', 'y', 'n', 'n', 'y', 'n', 'n', 'y', 'n', 'y', 'n', 'n', 'y', 'n']"
7,33,2,7,8,18,"['y', 'n', 'y', 'n', 'y', 'y', 'n', 'n', 'n', 'n', 'n', 'n', 'n', 'n', 'y', 'n', 'n', 'n', 'y', 'n', 'y', 'n', 'n', 'y', 'y', 'n', 'n', 'y', 'y', 'n', 'y', 'y', 'y']"
0,34,5,7,7,20,"['n', 'y', 'y', 'n', 'n', 'n', 'n', 'y', 'n', 'n', 'n', 'n', 'n', 'n', 'n', 'n', 'n', 'y', 'n', 'n', 'y', 'y', 'y', 'n', 'y', 'n', 'n', 'n', 'y', 'n', 'n', 'y', 'y', 'n']"
1,34,0,7,9,17,"['n', 'y', 'n', 'y', 'n', 'y', 'n', 'y', 'n', 'n', 'n', 'y', 'y', 'n', 'y', 'y', 'y', 'n', 'y', 'y', 'n', 'n', 'y', 'n', 'n', 'n', 'n', 'n', 'y', 'y', 'y', 'n', 'n']"
2,34,5,10,8,16,"['n', 'y', 'y', 'n', 'y', 'y', 'n', 'n', 'n', 'y', 'n', 'y', 'y', 'n', 'n', 'n', 'n', 'y', 'n', 'n', 'y', 'n', 'n', 'n', 'n', 'n', 'y', 'y', 'y', 'n', 'n', 'y', 'n', 'n']"
3,34,2,8,10,15,"['y', 'y', 'n', 'y', 'n', 'n', 'n', 'y', 'y', 'n', 'n', 'n', 'n', 'n', 'y', 'y', 'n', 'y', 'y', 'y', 'n', 'y', 'y', 'n', 'n', 'n', 'n', 'n', 'n', 'n', 'n', 'n', 'y']"
4,34,8,9,5,20,"['n', 'y', 'n', 'y', 'n', 'n', 'n', 'y', 'n', 'n', 'y', 'n', 'y', 'n', 'n', 'n', 'n', 'n', 'y', 'y', 'y', 'y', 'n', 'n', 'n', 'n', 'y', 'y', 'n', 'n', 'y', 'n', 'n', 'n']"
5,34,5,9,7,18,"['n', 'y', 'n', 'y', 'y', 'n', 'y', 'n', 'n', 'y', 'y', 'n', 'n', 'y', 'y', 'n', 'n', 'n', 'n', 'n', 'y', 'n', 'n', 'n', 'n', 'n', 'n', 'y', 'y', 'n', 'y', 'y', 'n', 'n']"
6,34,3,6,8,20,"['n', 'y', 'n', 'n', 'n', 'n', 'n', 'y', 'n', 'n', 'y', 'y', 'n', 'y', 'n', 'n', 'n', 'n', 'y', 'n', 'y', 'n', 'n', 'y', 'n', 'n', 'y', 'n', 'y', 'n', 'n', 'y', 'n', 'n']"
7,34,-1,7,9,18,"['y', 'n', 'y', 'n', 'y', 'y', 'n', 'n', 'n', 'n', 'n', 'n', 'n', 'n', 'y', 'n', 'n', 'n', 'y', 'n', 'y', 'n', 'n', 'y', 'y', 'n', 'n', 'y', 'y', 'n', 'y', 'y', 'y', 'y']"
0,35,5,8,7,20,"['n', 'y', 'y', 'n', 'n', 'n', 'n', 'y', 'n', 'n', 'n', 'n', 'n', 'n', 'n', 'n', 'n', 'y', 'n', 'n', 'y', 'y', 'y', 'n', 'y', 'n', 'n', 'n', 'y', 'n', 'n', 'y', 'y', 'n', 'n']"
1,35,0,7,9,17,"['n', 'y', 'n', 'y', 'n', 'y', 'n', 'y', 'n', 'n', 'n', 'y', 'y', 'n', 'y', 'y', 'y', 'n', 'y', 'y', 'n', 'n', 'y', 'n', 'n', 'n', 'n', 'n', 'y', 'y', 'y', 'n', 'n']"
2,35,3,10,8,17,"['n', 'y', 'y', 'n', 'y', 'y', 'n', 'n', 'n', 'y', 'n', 'y', 'y', 'n', 'n', 'n', 'n', 'y', 'n', 'n', 'y', 'n', 'n', 'n', 'n', 'n', 'y', 'y', 'y', 'n', 'n', 'y', 'n', 'n', 'y']"
3,35,0,8,10,16,"['y', 'y', 'n', 'y', 'n', 'n', 'n', 'y', 'y', 'n', 'n', 'n', 'n', 'n', 'y', 'y', 'n', 'y', 'y', 'y', 'n', 'y', 'y', 'n', 'n', 'n', 'n', 'n', 'n', 'n', 'n', 'n', 'y', 'y']"
4,35,8,10,5,20,"['n', 'y', 'n', 'y', 'n', 'n', 'n', 'y', 'n', 'n', 'y', 'n', 'y', 'n', 'n', 'n', 'n', 'n', 'y', 'y', 'y', 'y', 'n', 'n', 'n', 'n', 'y', 'y', 'n', 'n', 'y', 'n', 'n', 'n', 'n']"
5,35,2,9,8,18,"['n', 'y', 'n', 'y', 'y', 'n', 'y', 'n', 'n', 'y', 'y', 'n', 'n', 'y', 'y', 'n', 'n', 'n', 'n', 'n', 'y', 'n', 'n', 'n', 'n', 'n', 'n', 'y', 'y', 'n', 'y', 'y', 'n', 'n', 'y']"
6,35,0,6,9,20,"['n', 'y', 'n', 'n', 'n', 'n', 'n', 'y', 'n', 'n', 'y', 'y', 'n', 'y', 'n', 'n', 'n', 'n', 'y', 'n', 'y', 'n', 'n', 'y', 'n', 'n', 'y', 'n', 'y', 'n', 'n', 'y', 'n', 'n', 'y']"
7,35,-1,7,9,18,"['y', 'n', 'y', 'n', 'y', 'y', 'n', 'n', 'n', 'n', 'n', 'n', 'n', 'n', 'y', 'n', 'n', 'n', 'y', 'n', 'y', 'n', 'n', 'y', 'y', 'n', 'n', 'y', 'y', 'n', 'y', 'y', 'y', 'y']"
0,36,2,8,8,20,"['n', 'y', 'y', 'n', 'n', 'n', 'n', 'y', 'n', 'n', 'n', 'n', 'n', 'n', 'n', 'n', 'n', 'y', 'n', 'n', 'y', 'y', 'y', 'n', 'y', 'n', 'n', 'n', 'y', 'n', 'n', 'y', 'y', 'n', 'n', 'y']"
1,36,0,7,9,17,"['n', 'y', 'n', 'y', 'n', 'y', 'n', 'y', 'n', 'n', 'n', 'y', 'y', 'n', 'y', 'y', 'y', 'n', 'y', 'y', 'n', 'n', 'y', 'n', 'n', 'n', 'n', 'n', 'y', 'y', 'y', 'n', 'n']"
2,36,1,10,8,18,"['n', 'y', 'y', 'n', 'y', 'y', 'n', 'n', 'n', 'y', 'n', 'y', 'y', 'n', 'n', 'n', 'n', 'y', 'n', 'n', 'y', 'n', 'n', 'n', 'n', 'n', 'y', 'y', 'y', 'n', 'n', 'y', 'n', 'n', 'y', 'y']"
3,36,0,8,10,16,"['y', 'y', 'n', 'y', 'n', 'n', 'n', 'y', 'y', 'n', 'n', 'n', 'n', 'n', 'y', 'y', 'n', 'y', 'y', 'y', 'n', 'y', 'y', 'n', 'n', 'n', 'n', 'n', 'n', 'n', 'n', 'n', 'y', 'y']"
4,36,6,10,5,21,"['n', 'y', 'n', 'y', 'n', 'n', 'n', 'y', 'n', 'n', 'y', 'n', 'y', 'n', 'n', 'n', 'n', 'n', 'y', 'y', 'y', 'y', 'n', 'n', 'n', 'n', 'y', 'y', 'n', 'n', 'y', 'n', 'n', 'n', 'n', 'y']"
5,36,2,10,8,18,"['n', 'y', 'n', 'y', 'y', 'n', 'y', 'n', 'n', 'y', 'y', 'n', 'n', 'y', 'y', 'n', 'n', 'n', 'n', 'n', 'y', 'n', 'n', 'n', 'n', 'n', 'n', 'y', 'y', 'n', 'y', 'y', 'n', 'n', 'y', 'n']"
6,36,0,6,9,20,"['n', 'y', 'n', 'n', 'n', 'n', 'n', 'y', 'n', 'n', 'y', 'y', 'n', 'y', 'n', 'n', 'n', 'n', 'y', 'n', 'y', 'n', 'n', 'y', 'n', 'n', 'y', 'n', 'y', 'n', 'n', 'y', 'n', 'n', 'y']"
7,36,-1,7,9,18,"['y', 'n', 'y', 'n', 'y', 'y', 'n', 'n', 'n', 'n', 'n', 'n', 'n', 'n', 'y', 'n', 'n', 'n', 'y', 'n', 'y', 'n', 'n', 'y', 'y', 'n', 'n', 'y', 'y', 'n', 'y', 'y', 'y', 'y']"
0,37,1,8,8,21,"['n', 'y', 'y', 'n', 'n', 'n', 'n', 'y', 'n', 'n', 'n', 'n', 'n', 'n', 'n', 'n', 'n', 'y', 'n', 'n', 'y', 'y', 'y', 'n', 'y', 'n', 'n', 'n', 'y', 'n', 'n', 'y', 'y', 'n', 'n', 'y', 'n']"
1,37,0,7,9,17,"['n', 'y', 'n', 'y', 'n', 'y', 'n', 'y', 'n', 'n', 'n', 'y', 'y', 'n', 'y', 'y', 'y', 'n', 'y', 'y', 'n', 'n', 'y', 'n', 'n', 'n', 'n', 'n', 'y', 'y', 'y', 'n', 'n']"
2,37,0,10,8,19,"['n', 'y', 'y', 'n', 'y', 'y', 'n', 'n', 'n', 'y', 'n', 'y', 'y', 'n', 'n', 'n', 'n', 'y', 'n', 'n', 'y', 'n', 'n', 'n', 'n', 'n', 'y', 'y', 'y', 'n', 'n', 'y', 'n', 'n', 'y', 'y', 'n']"
3,37,0,8,10,16,"['y', 'y', 'n', 'y', 'n', 'n', 'n', 'y', 'y', 'n', 'n', 'n', 'n', 'n', 'y', 'y', 'n', 'y', 'y', 'y', 'n', 'y', 'y', 'n', 'n', 'n', 'n', 'n', 'n', 'n', 'n', 'n', 'y', 'y']"
4,37,5,10,5,22,"['n', 'y', 'n', 'y', 'n', 'n', 'n', 'y', 'n', 'n', 'y', 'n', 'y', 'n', 'n', 'n', 'n', 'n', 'y', 'y', 'y', 'y', 'n', 'n', 'n', 'n', 'y', 'y', 'n', 'n', 'y', 'n', 'n', 'n', 'n', 'y', 'n']"
5,37,1,10,8,19,"['n', 'y', 'n', 'y', 'y', 'n', 'y', 'n', 'n', 'y', 'y', 'n', 'n', 'y', 'y', 'n', 'n', 'n', 'n', 'n', 'y', 'n', 'n', 'n', 'n', 'n', 'n', 'y', 'y', 'n', 'y', 'y', 'n', 'n', 'y', 'n', 'n']"
6,37,0,6,9,20,"['n', 'y', 'n', 'n', 'n', 'n', 'n', 'y', 'n', 'n', 'y', 'y', 'n', 'y', 'n', 'n', 'n', 'n', 'y', 'n', 'y', 'n', 'n', 'y', 'n', 'n', 'y', 'n', 'y', 'n', 'n', 'y', 'n', 'n', 'y']"
7,37,-1,7,9,18,"['y', 'n', 'y', 'n', 'y', 'y', 'n', 'n', 'n', 'n', 'n', 'n', 'n', 'n', 'y', 'n', 'n', 'n', 'y', 'n', 'y', 'n', 'n', 'y', 'y', 'n', 'n', 'y', 'y', 'n', 'y', 'y', 'y', 'y']"
0,38,1,8,8,21,"['n', 'y', 'y', 'n', 'n', 'n', 'n', 'y', 'n', 'n', 'n', 'n', 'n', 'n', 'n', 'n', 'n', 'y', 'n', 'n', 'y', 'y', 'y', 'n', 'y', 'n', 'n', 'n', 'y', 'n', 'n', 'y', 'y', 'n', 'n', 'y', 'n']"
1,38,0,7,9,17,"['n', 'y', 'n', 'y', 'n', 'y', 'n', 'y', 'n', 'n', 'n', 'y', 'y', 'n', 'y', 'y', 'y', 'n', 'y', 'y', 'n', 'n', 'y', 'n', 'n', 'n', 'n', 'n', 'y', 'y', 'y', 'n', 'n']"
2,38,0,10,8,19,"['n', 'y', 'y', 'n', 'y', 'y', 'n', 'n', 'n', 'y', 'n', 'y', 'y', 'n', 'n', 'n', 'n', 'y', 'n', 'n', 'y', 'n', 'n', 'n', 'n', 'n', 'y', 'y', 'y', 'n', 'n', 'y', 'n', 'n', 'y', 'y', 'n']"
3,38,0,8,10,16,"['y', 'y', 'n', 'y', 'n', 'n', 'n', 'y', 'y', 'n', 'n', 'n', 'n', 'n', 'y', 'y', 'n', 'y', 'y', 'y', 'n', 'y', 'y', 'n', 'n', 'n', 'n', 'n', 'n', 'n', 'n', 'n', 'y', 'y']"
4,38,3,10,5,23,"['n', 'y', 'n', 'y', 'n', 'n', 'n', 'y', 'n', 'n', 'y', 'n', 'y', 'n', 'n', 'n', 'n', 'n', 'y', 'y', 'y', 'y', 'n', 'n', 'n', 'n', 'y', 'y', 'n', 'n', 'y', 'n', 'n', 'n', 'n', 'y', 'n', 'y']"
5,38,-1,10,8,20,"['n', 'y', 'n', 'y', 'y', 'n', 'y', 'n', 'n', 'y', 'y', 'n', 'n', 'y', 'y', 'n', 'n', 'n', 'n', 'n', 'y', 'n', 'n', 'n', 'n', 'n', 'n', 'y', 'y', 'n', 'y', 'y', 'n', 'n', 'y', 'n', 'n', 'y']"
6,38,0,6,9,20,"['n', 'y', 'n', 'n', 'n', 'n', 'n', 'y', 'n', 'n', 'y', 'y', 'n', 'y', 'n', 'n', 'n', 'n', 'y', 'n', 'y', 'n', 'n', 'y', 'n', 'n', 'y', 'n', 'y', 'n', 'n', 'y', 'n', 'n', 'y']"
7,38,-1,7,9,18,"['y', 'n', 'y', 'n', 'y', 'y', 'n', 'n', 'n', 'n', 'n', 'n', 'n', 'n', 'y', 'n', 'n', 'n', 'y', 'n', 'y', 'n', 'n', 'y', 'y', 'n', 'n', 'y', 'y', 'n', 'y', 'y', 'y', 'y']"
0,39,-1,8,8,22,"['n', 'y', 'y', 'n', 'n', 'n', 'n', 'y', 'n', 'n', 'n', 'n', 'n', 'n', 'n', 'n', 'n', 'y', 'n', 'n', 'y', 'y', 'y', 'n', 'y', 'n', 'n', 'n', 'y', 'n', 'n', 'y', 'y', 'n', 'n', 'y', 'n', 'y']"
1,39,0,7,9,17,"['n', 'y', 'n', 'y', 'n', 'y', 'n', 'y', 'n', 'n', 'n', 'y', 'y', 'n', 'y', 'y', 'y', 'n', 'y', 'y', 'n', 'n', 'y', 'n', 'n', 'n', 'n', 'n', 'y', 'y', 'y', 'n', 'n']"
2,39,0,10,8,19,"['n', 'y', 'y', 'n', 'y', 'y', 'n', 'n', 'n', 'y', 'n', 'y', 'y', 'n', 'n', 'n', 'n', 'y', 'n', 'n', 'y', 'n', 'n', 'n', 'n', 'n', 'y', 'y', 'y', 'n', 'n', 'y', 'n', 'n', 'y', 'y', 'n']"
3,39,0,8,10,16,"['y', 'y', 'n', 'y', 'n', 'n', 'n', 'y', 'y', 'n', 'n', 'n', 'n', 'n', 'y', 'y', 'n', 'y', 'y', 'y', 'n', 'y', 'y', 'n', 'n', 'n', 'n', 'n', 'n', 'n', 'n', 'n', 'y', 'y']"
4,39,1,10,5,24,"['n', 'y', 'n', 'y', 'n', 'n', 'n', 'y', 'n', 'n', 'y', 'n', 'y', 'n', 'n', 'n', 'n', 'n', 'y', 'y', 'y', 'y', 'n', 'n', 'n', 'n', 'y', 'y', 'n', 'n', 'y', 'n', 'n', 'n', 'n', 'y', 'n', 'y', 'y']"
5,39,-1,10,8,20,"['n', 'y', 'n', 'y', 'y', 'n', 'y', 'n', 'n', 'y', 'y', 'n', 'n', 'y', 'y', 'n', 'n', 'n', 'n', 'n', 'y', 'n', 'n', 'n', 'n', 'n', 'n', 'y', 'y', 'n', 'y', 'y', 'n', 'n', 'y', 'n', 'n', 'y']"
6,39,0,6,9,20,"['n', 'y', 'n', 'n', 'n', 'n', 'n', 'y', 'n', 'n', 'y', 'y', 'n', 'y', 'n', 'n', 'n', 'n', 'y', 'n', 'y', 'n', 'n', 'y', 'n', 'n', 'y', 'n', 'y', 'n', 'n', 'y', 'n', 'n', 'y']"
7,39,-1,7,9,18,"['y', 'n', 'y', 'n', 'y', 'y', 'n', 'n', 'n', 'n', 'n', 'n', 'n', 'n', 'y', 'n', 'n', 'n', 'y', 'n', 'y', 'n', 'n', 'y', 'y', 'n', 'n', 'y', 'y', 'n', 'y', 'y', 'y', 'y']"
